72.44.32.0/19,Virginia
67.202.0.0/18,Virginia
75.101.128.0/17,Virginia
174.129.0.0/16,Virginia
204.236.192.0/18,Virginia
184.73.0.0/16,Virginia
184.72.128.0/17,Virginia
184.72.64.0/18,Virginia
50.16.0.0/15,Virginia
50.19.0.0/16,Virginia
107.20.0.0/14,Virginia
23.20.0.0/14,Virginia
54.242.0.0/15,Virginia
54.234.0.0/15,Virginia
54.236.0.0/15,Virginia
54.224.0.0/15,Virginia
54.226.0.0/15,Virginia
54.208.0.0/15,Virginia
54.210.0.0/15,Virginia
54.221.0.0/16,Virginia
54.204.0.0/15,Virginia
54.196.0.0/15,Virginia
54.198.0.0/16,Virginia
54.80.0.0/13,Virginia
54.88.0.0/14,Virginia
54.92.128.0/17,Virginia
54.160.0.0/13,Virginia
54.172.0.0/15,Virginia
54.174.0.0/15,Virginia
54.144.0.0/14,Virginia
54.156.0.0/14,Virginia
216.182.224.0/20,Virginia
52.0.0.0/15,Virginia
54.152.0.0/16,Virginia
52.4.0.0/14,Virginia
50.112.0.0/16,Oregon
54.245.0.0/16,Oregon
54.244.0.0/16,Oregon
54.214.0.0/16,Oregon
54.212.0.0/15,Oregon
54.218.0.0/16,Oregon
54.200.0.0/15,Oregon
54.202.0.0/15,Oregon
54.184.0.0/13,Oregon
54.68.0.0/14,Oregon
54.148.0.0/15,Oregon
52.10.0.0/15,Oregon
52.12.0.0/15,Oregon
204.236.128.0/18,California
184.72.0.0/18,California
50.18.0.0/16,California
184.169.128.0/17,California
54.241.0.0/16,California
54.215.0.0/16,California
54.219.0.0/16,California
54.193.0.0/16,California
54.176.0.0/15,California
54.183.0.0/16,California
54.67.0.0/16,California
54.151.0.0/17,California
54.153.0.0/17,California
52.8.0.0/16,California
79.125.0.0/17,Ireland
46.51.128.0/18,Ireland
46.51.192.0/20,Ireland
46.137.0.0/17,Ireland
46.137.128.0/18,Ireland
176.34.128.0/17,Ireland
176.34.64.0/18,Ireland
54.247.0.0/16,Ireland
54.246.0.0/16,Ireland
54.228.0.0/16,Ireland
54.216.0.0/15,Ireland
54.229.0.0/16,Ireland
54.220.0.0/16,Ireland
54.194.0.0/15,Ireland
54.72.0.0/14,Ireland
54.76.0.0/15,Ireland
54.78.0.0/16,Ireland
54.74.0.0/15,Ireland
185.48.120.0/22,Ireland
54.170.0.0/15,Ireland
54.154.0.0/15,Ireland
175.41.128.0/18,Singore
122.248.192.0/18,Singore
46.137.192.0/18,Singore
46.51.216.0/21,Singore
54.251.0.0/16,Singore
54.254.0.0/16,Singore
54.255.0.0/16,Singore
54.179.0.0/16,Singore
54.169.0.0/16,Singore
54.151.128.0/17,Singore
52.74.0.0/16,Singore
54.252.0.0/16,Sydney
54.253.0.0/16,Sydney
54.206.0.0/16,Sydney
54.79.0.0/16,Sydney
54.66.0.0/16,Sydney
52.64.0.0/17,Sydney
54.153.128.0/17,Sydney
175.41.192.0/18,Tokyo
46.51.224.0/19,Tokyo
176.32.64.0/19,Tokyo
103.4.8.0/21,Tokyo
176.34.0.0/18,Tokyo
54.248.0.0/15,Tokyo
54.250.0.0/16,Tokyo
54.238.0.0/16,Tokyo
54.199.0.0/16,Tokyo
54.178.0.0/16,Tokyo
54.95.0.0/16,Tokyo
54.92.0.0/17,Tokyo
54.168.0.0/16,Tokyo
54.64.0.0/15,Tokyo
54.150.0.0/16,Tokyo
52.68.0.0/15,Tokyo
177.71.128.0/17,SaoPaulo
54.232.0.0/16,SaoPaulo
54.233.0.0/18,SaoPaulo
54.207.0.0/16,SaoPaulo
54.94.0.0/16,SaoPaulo
54.233.128.0/17,SaoPaulo
54.233.64.0/18,SaoPaulo
54.223.0.0/16,Beijing
54.93.0.0/16,Frankfurt
52.28.0.0/16,Frankfurt
96.127.0.0/18,GovCloud
96.127.64.0/18,GovCloud
